,day,date,volume,season,ewm_90
0,0,2018-10-01,40,18-19,70.0
1,1,2018-10-02,0,18-19,68.46153846153845
2,2,2018-10-03,65,18-19,68.385460693153
3,3,2018-10-04,56,18-19,68.11325276583094
4,4,2018-10-05,0,18-19,66.61625819954894
5,5,2018-10-06,80,18-19,66.91040637098742
6,6,2018-10-07,90,18-19,67.41786996722945
7,7,2018-10-08,0,18-19,65.93615853937825
8,8,2018-10-09,0,18-19,64.48701219785346
9,9,2018-10-10,67,18-19,64.54224269899953
10,10,2018-10-11,55,18-19,64.3325230792413
11,11,2018-10-12,148,18-19,66.17136872585138
12,12,2018-10-13,50,18-19,65.81595402857991
13,13,2018-10-14,0,18-19,64.3694495444353
14,14,2018-10-15,0,18-19,62.95473636763452
15,15,2018-10-16,66,18-19,63.02166523867552
16,16,2018-10-17,106,18-19,63.96624402463869
17,17,2018-10-18,81,18-19,64.34061228783344
18,18,2018-10-19,0,18-19,62.92653289689204
19,19,2018-10-20,0,18-19,61.54353217388342
20,20,2018-10-21,0,18-19,60.19092707116071
21,21,2018-10-22,0,18-19,58.86804955311322
22,22,2018-10-23,0,18-19,57.574246266231604
23,23,2018-10-24,0,18-19,56.30887821642431
24,24,2018-10-25,0,18-19,55.071320453425976
25,25,2018-10-26,100,18-19,56.05876395994408
26,26,2018-10-27,0,18-19,54.82670321357168
27,27,2018-10-28,0,18-19,53.621720725361314
28,28,2018-10-29,0,18-19,52.443221368759964
29,29,2018-10-30,0,18-19,51.290623096919084
30,30,2018-10-31,0,18-19,50.163356655228554
31,31,2018-11-01,150,18-19,52.357568596871886
32,32,2018-11-02,50,18-19,52.30575390243514
33,33,2018-11-03,100,18-19,53.35397909139261
34,34,2018-11-04,0,18-19,52.181364166307056
35,35,2018-11-05,0,18-19,51.03452099781679
36,36,2018-11-06,0,18-19,49.91288317368895
37,37,2018-11-07,0,18-19,48.81589673031117
38,38,2018-11-08,70,18-19,49.281481417557075
39,39,2018-11-09,162,18-19,51.75881149629208
40,40,2018-11-10,0,18-19,50.62125519967028
41,41,2018-11-11,0,18-19,49.50870014033686
42,42,2018-11-12,96,18-19,50.53048695043935
43,43,2018-11-13,75,18-19,51.068278446034086
44,44,2018-11-14,105,18-19,52.25359100765971
45,45,2018-11-15,62,18-19,52.467797798700154
46,46,2018-11-16,75,18-19,52.96301103389356
47,47,2018-11-17,66,18-19,53.24953826391788
48,48,2018-11-18,0,18-19,52.079218741633966
49,49,2018-11-19,126,18-19,53.703851296762885
50,50,2018-11-20,0,18-19,52.5235468726582
51,51,2018-11-21,101,18-19,53.58896342490747
52,52,2018-11-22,100,18-19,54.60898620677763
53,53,2018-11-23,0,18-19,53.40878870772757
54,54,2018-11-24,121,18-19,54.894309835030256
55,55,2018-11-25,100,18-19,55.88564368480981
56,56,2018-11-26,0,18-19,54.65738777964915
57,57,2018-11-27,0,18-19,53.45612650976675
58,58,2018-11-28,126,18-19,55.050497355705936
59,59,2018-11-29,150,18-19,57.137299611624485
60,60,2018-11-30,59,18-19,57.17823808169867
61,61,2018-12-01,166,18-19,59.56992515682617
62,62,2018-12-02,145,18-19,61.44750921931351
63,63,2018-12-03,0,18-19,60.097014511196726
64,64,2018-12-04,153,18-19,62.1388383680935
65,65,2018-12-05,35,18-19,61.54238038198155
66,66,2018-12-06,129,18-19,63.0249654285314
67,67,2018-12-07,132,18-19,64.54090025427796
68,68,2018-12-08,209,18-19,67.71582552341471
69,69,2018-12-09,163,18-19,69.80998320421877
70,70,2018-12-10,0,18-19,68.2756978590711
71,71,2018-12-11,60,18-19,68.09381438964095
72,72,2018-12-12,95,18-19,68.68515912833016
73,73,2018-12-13,154,18-19,70.56021057605916
74,74,2018-12-14,0,18-19,69.00943671724467
75,75,2018-12-15,74,18-19,69.11911942675576
76,76,2018-12-16,67,18-19,69.07254537342047
77,77,2018-12-17,0,18-19,67.55446745312551
78,78,2018-12-18,0,18-19,66.06975388272714
79,79,2018-12-19,0,18-19,64.61767137981006
80,80,2018-12-20,0,18-19,63.19750277805599
81,81,2018-12-21,78,18-19,63.52283238732949
82,82,2018-12-22,123,18-19,64.83002288431126
83,83,2018-12-23,157,18-19,66.85573666707364
84,84,2018-12-24,42,18-19,66.30945674032476
85,85,2018-12-25,0,18-19,64.8521060427352
86,86,2018-12-26,55,18-19,64.63557623959817
87,87,2018-12-27,237,18-19,68.42380533323337
88,88,2018-12-28,150,18-19,70.21668873250297
89,89,2018-12-29,238,18-19,73.90423403508532
90,90,2018-12-30,132,18-19,75.18106405629224
91,91,2018-12-31,0,18-19,73.52873297813197
92,92,2019-01-01,0,18-19,71.91271686872247
93,93,2019-01-02,164,18-19,73.93661320127802
94,94,2019-01-03,250,18-19,77.80613818586531
95,95,2019-01-04,100,18-19,78.29391536859355
96,96,2019-01-05,232,18-19,81.6720710747783
97,97,2019-01-06,148,18-19,83.1298277544535
98,98,2019-01-07,0,18-19,81.30279857303694
99,99,2019-01-08,96,18-19,81.62581398901415
100,100,2019-01-09,158,18-19,83.30436752771713
101,101,2019-01-10,247,18-19,86.90207373589918
102,102,2019-01-11,218,18-19,89.7833468406047
103,103,2019-01-12,250,18-19,93.304591964987
104,104,2019-01-13,0,18-19,91.25394159213013
105,105,2019-01-14,179,18-19,93.18242639230309
106,106,2019-01-15,180,18-19,95.09050493313158
107,107,2019-01-16,217,18-19,97.76983449504078
108,108,2019-01-17,0,18-19,95.6210469237212
109,109,2019-01-18,0,18-19,93.51948545287017
110,110,2019-01-19,94,18-19,93.53004621214775
111,111,2019-01-20,0,18-19,91.47444080089176
112,112,2019-01-21,0,18-19,89.46401353054249
113,113,2019-01-22,96,18-19,89.60766158481628
114,114,2019-01-23,182,18-19,91.63826242910604
115,115,2019-01-24,295,18-19,96.10775116692787
116,116,2019-01-25,218,18-19,98.78670169073165
117,117,2019-01-26,269,18-19,102.52765330192436
118,118,2019-01-27,166,18-19,103.9226499326513
119,119,2019-01-28,0,18-19,101.63863564841719
120,120,2019-01-29,180,18-19,103.36086343636407
121,121,2019-01-30,136,18-19,104.07820709710332
122,122,2019-01-31,226,18-19,106.75780694112302
123,123,2019-02-01,221,18-19,109.26862437098845
124,124,2019-02-02,281,18-19,113.0429403188788
125,125,2019-02-03,0,18-19,110.55848009209026
126,126,2019-02-04,306,18-19,114.85389811204432
127,127,2019-02-05,331,18-19,119.60436188980158
128,128,2019-02-06,198,18-19,121.32734294716857
129,129,2019-02-07,0,18-19,118.66080793734069
130,130,2019-02-08,188,18-19,120.1847462244321
131,131,2019-02-09,97,18-19,119.67519136235667
132,132,2019-02-10,78,18-19,118.75925309065651
133,133,2019-02-11,0,18-19,116.14915961613659
134,134,2019-02-12,0,18-19,113.59643083336435
135,135,2019-02-13,182,18-19,115.09980597988381
136,136,2019-02-14,243,18-19,117.9107992550512
137,137,2019-02-15,335,18-19,122.6819904802149
138,138,2019-02-16,270,18-19,125.9197489311992
139,139,2019-02-17,240,18-19,128.42700719644756
140,140,2019-02-18,0,18-19,125.60443560971245
141,141,2019-02-19,150,18-19,126.14060186004845
142,142,2019-02-20,288,18-19,129.69795126971772
143,143,2019-02-21,20,18-19,127.28700728576787
144,144,2019-02-22,222,18-19,129.3686115212455
145,145,2019-02-23,283,18-19,132.7451255537456
146,146,2019-02-24,276,18-19,135.89358433278414
147,147,2019-02-25,0,18-19,132.90691214964602
148,148,2019-02-26,140,18-19,133.06280419031313
149,149,2019-02-27,240,18-19,135.41307223008647
150,150,2019-02-28,0,18-19,132.43696075250216
151,151,2019-03-01,189,18-19,133.68010447222738
152,152,2019-03-02,233,18-19,135.8629593189916
153,153,2019-03-03,212,18-19,137.53630087242038
154,154,2019-03-04,0,18-19,134.51352502907048
155,155,2019-03-05,144,18-19,134.7220189844755
156,156,2019-03-06,268,18-19,137.65120538042112
157,157,2019-03-07,0,18-19,134.625904163269
158,158,2019-03-08,318,18-19,138.65610407176857
159,159,2019-03-09,202,18-19,140.04827760865277
160,160,2019-03-10,106,18-19,139.299963815056
161,161,2019-03-11,0,18-19,136.23842614879104
162,162,2019-03-12,150,18-19,136.54087832134508
163,163,2019-03-13,282,18-19,139.7377820945023
164,164,2019-03-14,0,18-19,136.6666220484693
165,165,2019-03-15,282,18-19,139.8607622232282
166,166,2019-03-16,366,18-19,144.8308553611792
167,167,2019-03-17,304,18-19,148.32907832027416
168,168,2019-03-18,0,18-19,145.06909857697144
169,169,2019-03-19,147,18-19,145.11153597088415
170,170,2019-03-20,264,18-19,147.72446924624933
171,171,2019-03-21,0,18-19,144.47777761446363
172,172,2019-03-22,287,18-19,147.6101341504095
173,173,2019-03-23,264,18-19,150.16815318007082
174,174,2019-03-24,162,18-19,150.4281937695198
175,175,2019-03-25,122,18-19,149.80339830205781
176,176,2019-03-26,0,18-19,146.5110159217928
177,177,2019-03-27,170,18-19,147.02725733010504
178,178,2019-03-28,198,18-19,148.14753738878406
179,179,2019-03-29,186,18-19,148.97945964397562
180,180,2019-03-30,0,18-19,145.70518580564647
181,181,2019-03-31,200,18-19,146.89847842530259
182,182,2019-04-01,93,18-19,145.71389648188935
183,183,2019-04-02,153,18-19,145.87403062514454
184,184,2019-04-03,0,18-19,142.66800797404247
185,185,2019-04-04,0,18-19,139.53244735922834
186,186,2019-04-05,238,18-19,141.69656939528926
187,187,2019-04-06,294,18-19,145.04389754044772
188,188,2019-04-07,354,18-19,149.63633935274555
189,189,2019-04-08,0,18-19,146.34762859774014
190,190,2019-04-09,126,18-19,145.90042796921838
191,191,2019-04-10,376,18-19,150.95756142044434
192,192,2019-04-11,38,18-19,148.47497765296205
193,193,2019-04-12,279,18-19,151.34365946278706
194,194,2019-04-13,247,18-19,153.44599661745107
195,195,2019-04-14,158,18-19,153.54608460388073
196,196,2019-04-15,207,18-19,154.72089593126796
197,197,2019-04-16,0,18-19,151.3204366800313
198,198,2019-04-17,306,18-19,154.7199875222284
199,199,2019-04-18,312,18-19,158.17669109316842
200,200,2019-04-19,0,18-19,154.70028029991195
201,201,2019-04-20,178,18-19,155.21236205156222
202,202,2019-04-21,90,18-19,153.77912332515427
203,203,2019-04-22,196,18-19,154.7070546806454
204,204,2019-04-23,293,18-19,157.74646007227955
205,205,2019-04-24,270,18-19,160.21357083992174
206,206,2019-04-25,0,18-19,156.69239345882457
207,207,2019-04-26,0,18-19,153.24860459159765
208,208,2019-04-27,0,18-19,149.88050339178233
209,209,2019-04-28,301,18-19,153.20181100954534
210,210,2019-04-29,151,18-19,153.15341955878608
211,211,2019-04-30,311,18-19,156.6225751728787
212,212,2019-05-01,204,18-19,157.66383725699126
213,213,2019-05-02,0,18-19,154.1986979766178
214,214,2019-05-03,164,18-19,154.4141112079009
215,215,2019-05-04,54,18-19,152.2072076648701
216,216,2019-05-05,106,18-19,151.19166463926857
217,217,2019-05-06,86,18-19,149.7588808010429
218,218,2019-05-07,120,18-19,149.10483946475622
219,219,2019-05-08,114,18-19,148.33330453146488
220,220,2019-05-09,63,18-19,146.4578472890151
221,221,2019-05-10,91,18-19,145.23899350244332
222,222,2019-05-11,110,18-19,144.46451012876324
223,223,2019-05-12,97,18-19,143.42133408197725
224,224,2019-05-13,0,18-19,140.26921684940632
225,225,2019-05-14,110,18-19,139.60395933623255
226,226,2019-05-15,204,18-19,141.01925693323844
227,227,2019-05-16,100,18-19,140.1177348028376
228,228,2019-05-17,319,18-19,144.04921315881919
229,229,2019-05-18,90,18-19,142.86131836411985
230,230,2019-05-19,100,18-19,141.91931136710622
231,231,2019-05-20,43,18-19,139.74526056782915
232,232,2019-05-21,141,18-19,139.7728372586461
233,233,2019-05-22,65,18-19,138.1294781980165
234,234,2019-05-23,110,18-19,137.5112479079502
235,235,2019-05-24,0,18-19,134.48902267920406
236,236,2019-05-25,102,18-19,133.77497822471605
237,237,2019-05-26,0,18-19,130.83486881318382
238,238,2019-05-27,184,18-19,132.0033332348721
239,239,2019-05-28,0,18-19,129.1021610758639
240,240,2019-05-29,80,18-19,128.0229927005702
241,241,2019-05-30,176,18-19,129.07743242143678
242,242,2019-05-31,120,18-19,128.87792841217444
243,243,2019-06-01,172,18-19,129.8256662492695
244,244,2019-06-02,135,18-19,129.93938787016467
245,245,2019-06-03,0,18-19,127.08357714774345
246,246,2019-06-04,0,18-19,124.2905314961447
247,247,2019-06-05,0,18-19,121.55887146326239
248,248,2019-06-06,54,18-19,120.07406110143243
249,249,2019-06-07,0,18-19,117.43507074755479
250,250,2019-06-08,152,18-19,118.1947395223338
251,251,2019-06-09,60,18-19,116.91573425810668
252,252,2019-06-10,122,18-19,117.02747636232412
253,253,2019-06-11,81,18-19,116.23566369502029
254,254,2019-06-12,113,18-19,116.16455020721764
255,255,2019-06-13,56,18-19,114.8422524004656
256,256,2019-06-14,0,18-19,112.31824685320261
257,257,2019-06-15,196,18-19,114.15740626302232
258,258,2019-06-16,72,18-19,113.2308698616372
259,259,2019-06-17,0,18-19,110.74227931522759
260,260,2019-06-18,0,18-19,108.30838306654127
261,261,2019-06-19,186,18-19,110.01589113101288
262,262,2019-06-20,71,18-19,109.15839901824336
263,263,2019-06-21,106,18-19,109.08898365520504
264,264,2019-06-22,73,18-19,108.29581917926647
265,265,2019-06-23,70,18-19,107.45415282367819
266,266,2019-06-24,153,18-19,108.45516045392701
267,267,2019-06-25,0,18-19,106.0715305538407
268,268,2019-06-26,97,18-19,105.8721562559541
269,269,2019-06-27,80,18-19,105.30353743714191
270,270,2019-06-28,0,18-19,102.98917397698494
271,271,2019-06-29,0,18-19,100.72567564782044
272,272,2019-06-30,0,18-19,98.51192453468153
273,273,2019-07-01,181,18-19,100.32484927018304
274,274,2019-07-02,115,18-19,100.64738005545374
275,275,2019-07-03,0,18-19,98.43534972456465
276,276,2019-07-04,94,18-19,98.33786951083795
277,277,2019-07-05,0,18-19,96.1765976534569
278,278,2019-07-06,131,18-19,96.94194715557872
279,279,2019-07-07,147,18-19,98.04212414117039
280,280,2019-07-08,79,18-19,97.62361591828753
281,281,2019-07-09,30,18-19,96.13738260140208
282,282,2019-07-10,0,18-19,94.02447309367895
283,283,2019-07-11,89,18-19,93.91404511359809
284,284,2019-07-12,95,18-19,93.93791225395857
285,285,2019-07-13,0,18-19,91.87334275387157
286,286,2019-07-14,60,18-19,91.17282972631395
287,287,2019-07-15,179,18-19,93.10309720485651
288,288,2019-07-16,67,18-19,92.52940276079373
289,289,2019-07-17,108,18-19,92.86941588693013
290,290,2019-07-18,172,18-19,94.6085496037009
291,291,2019-07-19,0,18-19,92.52924082120197
292,292,2019-07-20,0,18-19,90.4956311328239
293,293,2019-07-21,178,18-19,92.41880407495964
294,294,2019-07-22,0,18-19,90.38762156781766
295,295,2019-07-23,128,18-19,91.21426724764585
296,296,2019-07-24,121,18-19,91.86889873670857
297,297,2019-07-25,53,18-19,91.01463722601169
298,298,2019-07-26,0,18-19,89.0143155287367
299,299,2019-07-27,0,18-19,87.05795694568754
300,300,2019-07-28,0,18-19,85.14459525457352
301,301,2019-07-29,0,18-19,83.27328546875871
302,302,2019-07-30,0,18-19,81.44310337054424
303,303,2019-07-31,0,18-19,79.65314505470809
304,304,2019-08-01,0,18-19,77.90252648207714
305,305,2019-08-02,0,18-19,76.1903830429106
306,306,2019-08-03,0,18-19,74.51586912987959
307,307,2019-08-04,0,18-19,72.87815772043169
308,0,2019-08-05,65,19-20,74.0
309,1,2019-08-06,48,19-20,73.42857142857142
310,2,2019-08-07,0,19-20,71.81475667189952
311,3,2019-08-08,80,19-20,71.99465212965995
312,4,2019-08-09,48,19-20,71.46729713779929
313,5,2019-08-10,95,19-20,71.984499398507
314,6,2019-08-11,163,19-20,73.98484007106728
315,7,2019-08-12,0,19-20,72.35879962994493
316,8,2019-08-13,60,19-20,72.08717766005601
317,9,2019-08-14,78,19-20,72.21712979939544
318,10,2019-08-15,132,19-20,73.53103903457357
319,11,2019-08-16,114,19-20,74.42046674809943
320,12,2019-08-17,0,19-20,72.78485209429505
321,13,2019-08-18,166,19-20,74.8335366636512
322,14,2019-08-19,129,19-20,76.0240083853292
323,15,2019-08-20,165,19-20,77.97952468455273
324,16,2019-08-21,0,19-20,76.26568897719991
325,17,2019-08-22,0,19-20,74.58951998869003
326,18,2019-08-23,95,19-20,75.03810196696057
327,19,2019-08-24,165,19-20,77.01528653911527
328,20,2019-08-25,170,19-20,79.05890661517867
329,21,2019-08-26,0,19-20,77.32134822803188
330,22,2019-08-27,0,19-20,75.6219779373059
331,23,2019-08-28,0,19-20,73.95995644417829
332,24,2019-08-29,146,19-20,75.5432541047458
333,25,2019-08-30,179,19-20,77.81702873980632
334,26,2019-08-31,242,19-20,81.42544569057979
335,27,2019-09-01,124,19-20,82.36115018089671
336,28,2019-09-02,0,19-20,80.5510150120858
337,29,2019-09-03,150,19-20,82.07736633050149
338,30,2019-09-04,197,19-20,84.6031384990619
339,31,2019-09-05,143,19-20,85.88658600457701
340,32,2019-09-06,150,19-20,87.29567202645444
341,33,2019-09-07,0,19-20,85.37708582807082
342,34,2019-09-08,148,19-20,86.75341361206927
343,35,2019-09-09,130,19-20,87.70388803817764
344,36,2019-09-10,150,19-20,89.07303335601989
345,37,2019-09-11,0,19-20,87.1153842712722
346,38,2019-09-12,171,19-20,88.9590021993761
347,39,2019-09-13,112,19-20,89.46539775543377
348,40,2019-09-14,180,19-20,91.45516923333632
349,41,2019-09-15,154,19-20,92.82978089853772
350,42,2019-09-16,163,19-20,94.37198351615227
351,43,2019-09-17,0,19-20,92.29787398832474
352,44,2019-09-18,275,19-20,96.31330532924068
353,45,2019-09-19,117,19-20,96.76795795936725
354,46,2019-09-20,228,19-20,99.65217866355698
355,47,2019-09-21,0,19-20,97.46202089073155
356,48,2019-09-22,204,19-20,99.80351493708909
357,49,2019-09-23,119,19-20,100.22541570770251
358,50,2019-09-24,264,19-20,103.82485712072003
359,51,2019-09-25,0,19-20,101.54299212905585
360,52,2019-09-26,223,19-20,104.21237691742824
361,53,2019-09-27,0,19-20,101.92199500715509
362,54,2019-09-28,116,19-20,102.23140171029453
363,55,2019-09-29,145,19-20,103.17137090347487
364,56,2019-09-30,0,19-20,100.90386824625564
365,57,2019-10-01,283,19-20,104.90598103205221
366,58,2019-10-02,0,19-20,102.60035507530381
367,59,2019-10-03,44,19-20,101.31243518353888
368,60,2019-10-04,0,19-20,99.08578825642813
369,61,2019-10-05,0,19-20,96.90807862441872
370,62,2019-10-06,0,19-20,94.77823074256337
371,63,2019-10-07,10,19-20,92.91497292404549
372,64,2019-10-08,0,19-20,90.8728856070335
373,65,2019-10-09,133,19-20,91.79875625303275
374,66,2019-10-10,104,19-20,92.0669154562628
375,67,2019-10-11,219,19-20,94.85665357810318
376,68,2019-10-12,112,19-20,95.23343042254048
377,69,2019-10-13,93,19-20,95.1843440396275
378,70,2019-10-14,0,19-20,93.09238043436096
379,71,2019-10-15,114,19-20,93.5518885566827
380,72,2019-10-16,154,19-20,94.88041847851385
381,73,2019-10-17,149,19-20,96.06985983063441
382,74,2019-10-18,261,19-20,99.69469807611497
383,75,2019-10-19,153,19-20,100.86624317334321
384,76,2019-10-20,150,19-20,101.94610596074226
385,77,2019-10-21,0,19-20,99.7055322033633
386,78,2019-10-22,107,19-20,99.86585017691576
387,79,2019-10-23,189,19-20,101.82484248071981
388,80,2019-10-24,305,19-20,106.29023055806663
389,81,2019-10-25,0,19-20,103.9541815348124
390,82,2019-10-26,215,19-20,106.39474897360773
391,83,2019-10-27,288,19-20,110.38607317198998
392,84,2019-10-28,205,19-20,112.46550013524295
393,85,2019-10-29,295,19-20,116.47724738501782
394,86,2019-10-30,0,19-20,113.9173078820504
395,87,2019-10-31,172,19-20,115.19385056596137
396,88,2019-11-01,125,19-20,115.40937033374243
397,89,2019-11-02,174,19-20,116.69707648025359
398,90,2019-11-03,0,19-20,114.13230556859966
399,91,2019-11-04,0,19-20,111.62390324841066
400,92,2019-11-05,154,19-20,112.55524603415986
401,93,2019-11-06,141,19-20,113.18040546198051
402,94,2019-11-07,284,19-20,116.9346822650139
403,95,2019-11-08,157,19-20,117.81523869874985
404,96,2019-11-09,311,19-20,122.06105762844766
405,97,2019-11-10,140,19-20,122.4553200981521
406,98,2019-11-11,0,19-20,119.7639943817092
407,99,2019-11-12,210,19-20,121.7472032963969
408,100,2019-11-13,250,19-20,124.56594608109147
409,101,2019-11-14,271,19-20,127.78427693645209
410,102,2019-11-15,350,19-20,132.6681389818048
411,103,2019-11-16,198,19-20,134.10400405912776
412,104,2019-11-17,0,19-20,131.1566633105755
413,105,2019-11-18,271,19-20,134.23014323781558
414,106,2019-11-19,336,19-20,138.6646455842372
415,107,2019-11-20,108,19-20,137.99069732963858
416,108,2019-11-21,219,19-20,139.771121564152
417,109,2019-11-22,188,19-20,140.83109691439043
418,110,2019-11-23,287,19-20,144.04360027890934
419,111,2019-11-24,0,19-20,140.87780686618606
420,112,2019-11-25,0,19-20,137.7815913306655
421,113,2019-11-26,222,19-20,139.63254536735417
422,114,2019-11-27,257,19-20,142.21204986477494
423,115,2019-11-28,8,19-20,139.26233448313153
424,116,2019-11-29,144,19-20,139.36645899998575
425,117,2019-11-30,179,19-20,140.23752583515088
426,118,2019-12-01,109,19-20,139.5509868058069
427,119,2019-12-02,0,19-20,136.4839321507342
428,120,2019-12-03,172,19-20,137.26450507049827
429,121,2019-12-04,340,19-20,141.72023023378404
430,122,2019-12-05,0,19-20,138.60549989897558
431,123,2019-12-06,329,19-20,142.7899944066904
432,124,2019-12-07,295,19-20,146.135269254895
433,125,2019-12-08,0,19-20,142.92350509544676
434,126,2019-12-09,150,19-20,143.07903245598638
435,127,2019-12-10,217,19-20,144.70366910530535
436,128,2019-12-11,0,19-20,141.5233686854085
437,129,2019-12-12,277,19-20,144.50087706594897
438,130,2019-12-13,168,19-20,145.01734130625778
439,131,2019-12-14,0,19-20,141.8301469918345
440,132,2019-12-15,0,19-20,138.71300090410188
441,133,2019-12-16,0,19-20,135.66436352159414
442,134,2019-12-17,0,19-20,132.68272915848218
443,135,2019-12-18,0,19-20,129.76662522093312
444,136,2019-12-19,0,19-20,126.91461147981371
445,137,2019-12-20,0,19-20,124.12527935937824
446,138,2019-12-21,0,19-20,121.3972512415897
447,139,2019-12-22,0,19-20,118.72917978573058
448,140,2019-12-23,0,19-20,116.11974726296727
449,141,2019-12-24,0,19-20,113.56766490553942
450,142,2019-12-25,0,19-20,111.07167227025283
451,143,2019-12-26,0,19-20,108.63053661596156
452,144,2019-12-27,51,19-20,107.36393141561075
453,145,2019-12-28,60,19-20,106.32296588999293
454,146,2019-12-29,82,19-20,105.78839521109198
455,147,2019-12-30,69,19-20,104.97985905260644
456,148,2019-12-31,0,19-20,102.6726094030986
457,149,2020-01-01,0,19-20,100.41606853709644
458,150,2020-01-02,79,19-20,99.9453857121053
459,151,2020-01-03,84,19-20,99.59493767447661
460,152,2020-01-04,99,19-20,99.5818621211914
461,153,2020-01-05,87,19-20,99.30533767896742
462,154,2020-01-06,0,19-20,97.12280278492418
463,155,2020-01-07,103,19-20,97.25197195448628
464,156,2020-01-08,84,19-20,96.96071982361843
465,157,2020-01-09,111,19-20,97.26927543189055
466,158,2020-01-10,112,19-20,97.59302762020064
467,159,2020-01-11,126,19-20,98.21735668349294
468,160,2020-01-12,147,19-20,99.28950269044913
469,161,2020-01-13,0,19-20,97.10731581813155
470,162,2020-01-14,132,19-20,97.87418799795284
471,163,2020-01-15,121,19-20,98.38244760239344
472,164,2020-01-16,171,19-20,99.9784377649782
473,165,2020-01-17,0,19-20,97.7811094624512
474,166,2020-01-18,159,19-20,99.12657958415556
475,167,2020-01-19,0,19-20,96.94797343944884
476,168,2020-01-20,0,19-20,94.81724874847194
477,169,2020-01-21,158,19-20,96.20588064410991
478,170,2020-01-22,180,19-20,98.04750964094266
479,171,2020-01-23,78,19-20,97.60690503344941
480,172,2020-01-24,138,19-20,98.49466536238458
481,173,2020-01-25,220,19-20,101.165112277497
482,174,2020-01-26,196,19-20,103.24939552414541
483,175,2020-01-27,0,19-20,100.98017804009825
484,176,2020-01-28,178,19-20,102.67292137987631
485,177,2020-01-29,168,19-20,104.10868134954936
486,178,2020-01-30,99,19-20,103.99640263857025
487,179,2020-01-31,96,19-20,103.82065752563464
488,180,2020-02-01,192,19-20,105.75866505254376
489,181,2020-02-02,123,19-20,106.1375954909494
490,182,2020-02-03,0,19-20,103.8049010845549
491,183,2020-02-04,151,19-20,104.84215600577346
492,184,2020-02-05,234,19-20,107.6807899397125
493,185,2020-02-06,0,19-20,105.31417917180673
494,186,2020-02-07,246,19-20,108.40617523396482
495,187,2020-02-08,208,19-20,110.595050503548
496,188,2020-02-09,204,19-20,112.64790653643705
497,189,2020-02-10,0,19-20,110.17212837080106
498,190,2020-02-11,208,19-20,112.3221914835307
499,191,2020-02-12,194,19-20,114.11730815422233
500,192,2020-02-13,0,19-20,111.60923544753612
501,193,2020-02-14,120,19-20,111.79364785528259
502,194,2020-02-15,327,19-20,116.52345779252911
503,195,2020-02-16,248,19-20,119.41305212675924
504,196,2020-02-17,300,19-20,123.38199603606124
505,197,2020-02-18,0,19-20,120.67030381548847
506,198,2020-02-19,286,19-20,124.30392351185137
507,199,2020-02-20,203,19-20,126.033507610492
508,200,2020-02-21,188,19-20,127.39540854212953
509,201,2020-02-22,152,19-20,127.93616879395086
510,202,2020-02-23,0,19-20,125.12438486441347
511,203,2020-02-24,264,19-20,128.1765961860747
512,204,2020-02-25,197,19-20,129.68919846769944
513,205,2020-02-26,238,19-20,132.0696556442335
514,206,2020-02-27,0,19-20,129.16702584985475
515,207,2020-02-28,0,19-20,126.32819011689091
516,208,2020-02-29,245,19-20,128.93636176267353
517,209,2020-03-01,202,19-20,130.54215600964773
518,210,2020-03-02,0,19-20,127.67309763580931
519,211,2020-03-03,185,19-20,128.9330295559014
520,212,2020-03-04,183,19-20,130.12131462060688
521,213,2020-03-05,0,19-20,127.26150550806607
522,214,2020-03-06,270,19-20,130.39861527711955
523,215,2020-03-07,220,19-20,132.3678764798202
524,216,2020-03-08,246,19-20,134.86528578795603
525,217,2020-03-09,0,19-20,131.9012135728361
526,218,2020-03-10,122,19-20,131.68360448332322
527,219,2020-03-11,202,19-20,133.22901976940403
528,220,2020-03-12,0,19-20,130.30090944480173
529,221,2020-03-13,270,19-20,133.37121912733355
530,222,2020-03-14,240,19-20,135.71470881684272
531,223,2020-03-15,208,19-20,137.30339653515387
532,224,2020-03-16,182,19-20,138.2857394684472
533,225,2020-03-17,0,19-20,135.24649244716264
534,226,2020-03-18,170,19-20,136.01030579997226
535,227,2020-03-19,80,19-20,134.77931006810473
536,228,2020-03-20,183,19-20,135.8391054512233
537,229,2020-03-21,210,19-20,137.4690152215261
538,230,2020-03-22,0,19-20,134.44771818369034
539,231,2020-03-23,0,19-20,131.49282327855428
540,232,2020-03-24,0,19-20,128.60287111858605
541,233,2020-03-25,0,19-20,125.77643439070503
542,234,2020-03-26,0,19-20,123.01211715134887
543,235,2020-03-27,0,19-20,120.30855413703351
544,236,2020-03-28,42,19-20,118.58748701314266
545,237,2020-03-29,40,19-20,116.86028949637029
546,238,2020-03-30,0,19-20,114.29193148546105
547,239,2020-03-31,45,19-20,112.76903189237399
548,240,2020-04-01,39,19-20,111.14773448814599
549,241,2020-04-02,110,19-20,111.12250955434058
550,242,2020-04-03,0,19-20,108.68025659710233
551,243,2020-04-04,0,19-20,106.29167952903414
552,244,2020-04-05,120,19-20,106.5929612976268
553,245,2020-04-06,0,19-20,104.2502588515251
554,246,2020-04-07,104,19-20,104.2447586569861
555,247,2020-04-08,0,19-20,101.95366506012925
556,248,2020-04-09,80,19-20,101.47116692693959
557,249,2020-04-10,0,19-20,99.24103139008378
558,250,2020-04-11,0,19-20,97.05990982107095
559,251,2020-04-12,74,19-20,96.55309861621224
560,252,2020-04-13,24,19-20,94.95852502025153
561,253,2020-04-14,96,19-20,94.98141458024601
562,254,2020-04-15,0,19-20,92.89391096309774
563,255,2020-04-16,0,19-20,90.85228654632635
564,256,2020-04-17,42,19-20,89.77860991893456
565,257,2020-04-18,84,19-20,89.65160750313379
566,258,2020-04-19,0,19-20,87.68124250306491
567,259,2020-04-20,0,19-20,85.75418222827227
568,260,2020-04-21,70,19-20,85.40793646501353
569,261,2020-04-22,0,19-20,83.53083896028797
570,262,2020-04-23,0,19-20,81.69499634577613
571,263,2020-04-24,88,19-20,81.83356785466017
572,264,2020-04-25,60,19-20,81.35370922049181
573,265,2020-04-26,57,19-20,80.81846286399748
574,266,2020-04-27,0,19-20,79.04223291094259
575,267,2020-04-28,101,19-20,79.52482119861418
576,268,2020-04-29,0,19-20,77.77702293051276
577,269,2020-04-30,80,19-20,77.82587956940257
578,270,2020-05-01,38,19-20,76.95058551293218
579,271,2020-05-02,60,19-20,76.5780451719886
580,272,2020-05-03,76,19-20,76.56534088249434
581,273,2020-05-04,0,19-20,74.88258613782413
582,274,2020-05-05,93,19-20,75.28077105787196
583,275,2020-05-06,45,19-20,74.6152596060506
584,276,2020-05-07,0,19-20,72.975363790533
585,277,2020-05-08,100,19-20,73.56931183909272
586,278,2020-05-09,63,19-20,73.33701927120057
587,279,2020-05-10,42,19-20,72.64829357293243
588,280,2020-05-11,0,19-20,71.05162778012073
589,281,2020-05-12,36,19-20,70.28126233440378
590,282,2020-05-13,103,19-20,71.00035546991138
591,283,2020-05-14,42,19-20,70.36298502002322
592,284,2020-05-15,80,19-20,70.57478754705566
593,285,2020-05-16,0,19-20,69.02369331525225
594,286,2020-05-17,30,19-20,68.16602972590604
595,287,2020-05-18,0,19-20,66.66787522643558
596,288,2020-05-19,108,19-20,67.57627357310733
597,289,2020-05-20,95,19-20,68.17899283523684
598,290,2020-05-21,0,19-20,66.6805534322646
599,291,2020-05-22,0,19-20,65.21504676342362
600,292,2020-05-23,89,19-20,65.73779298840331
601,293,2020-05-24,89,19-20,66.24905028536148
602,294,2020-05-25,0,19-20,64.79302720216671
603,295,2020-05-26,65,19-20,64.79757605486634
604,296,2020-05-27,62,19-20,64.73609086684729
605,297,2020-05-28,77,19-20,65.00562733131218
606,298,2020-05-29,104,19-20,65.86264651084379
607,299,2020-05-30,0,19-20,64.41511581829776
608,300,2020-05-31,0,19-20,62.99939898712638
609,301,2020-06-01,176,19-20,65.48292867971702
610,302,2020-06-02,39,19-20,64.9008862911518
611,303,2020-06-03,67,19-20,64.94702065837923
612,304,2020-06-04,177,19-20,67.40972350105221
613,305,2020-06-05,0,19-20,65.9281911164137
614,306,2020-06-06,0,19-20,64.47921988308592
615,307,2020-06-07,83,19-20,64.88626999554556
616,308,2020-06-08,75,19-20,65.10854977586324
617,309,2020-06-09,0,19-20,63.67759263793218
618,310,2020-06-10,0,19-20,62.278085107428176
619,311,2020-06-11,164,19-20,64.5137315885836
620,312,2020-06-12,53,19-20,64.26068254268066
621,313,2020-06-13,0,19-20,62.84835984943492
622,314,2020-06-14,0,19-20,61.4670772153814
623,315,2020-06-15,122,19-20,62.79747112273565
624,316,2020-06-16,167,19-20,65.08763659256563
625,317,2020-06-17,0,19-20,63.65713908503671
626,318,2020-06-18,103,19-20,64.52181734690403
627,319,2020-06-19,0,19-20,63.10375542719185
628,320,2020-06-20,0,19-20,61.7168597035173
629,321,2020-06-21,105,19-20,62.668137512231205
630,322,2020-06-22,57,19-20,62.54356306141294
631,323,2020-06-23,58,19-20,62.44370453259068
632,324,2020-06-24,66,19-20,62.52186487253374
633,325,2020-06-25,153,19-20,64.51039531489563
634,326,2020-06-26,0,19-20,63.09258442885397
635,327,2020-06-27,0,19-20,61.70593422162641
636,328,2020-06-28,144,19-20,63.51459500796429
637,329,2020-06-29,63,19-20,63.50328522756947
638,330,2020-06-30,42,19-20,63.03068555223827
639,331,2020-07-01,0,19-20,61.64539575988138
640,332,2020-07-02,139,19-20,63.3454969519719
641,333,2020-07-03,0,19-20,61.953288227752736
642,334,2020-07-04,99,19-20,62.76750167329663
643,335,2020-07-05,130,19-20,64.24513899915824
644,336,2020-07-06,75,19-20,64.48150957060531
645,337,2020-07-07,0,19-20,63.06433353608651
646,338,2020-07-08,114,19-20,64.1837987330956
647,339,2020-07-09,124,19-20,65.49844051918141
648,340,2020-07-10,70,19-20,65.59737589238621
649,341,2020-07-11,0,19-20,64.15567532332278
650,342,2020-07-12,120,19-20,65.38302311841458
651,343,2020-07-13,108,19-20,66.31965997295492
652,344,2020-07-14,0,19-20,64.86208502849438
653,345,2020-07-15,0,19-20,63.43654469819779
654,346,2020-07-16,170,19-20,65.77859866087476
655,347,2020-07-17,0,19-20,64.33291517382257
656,348,2020-07-18,0,19-20,62.919004950222075
657,349,2020-07-19,0,19-20,61.536169676590816
658,350,2020-07-20,85,19-20,62.05185825512728
659,351,2020-07-21,0,19-20,60.688081150618984
660,352,2020-07-22,0,19-20,59.354277169286696
661,353,2020-07-23,0,19-20,58.049787561170504
662,354,2020-07-24,0,19-20,56.77396805433159
663,355,2020-07-25,50,19-20,56.62508963555507
664,356,2020-07-26,64,19-20,56.787175577630784
665,357,2020-07-27,51,19-20,56.659984905594946
666,358,2020-07-28,96,19-20,57.52460062195549
667,359,2020-07-29,139,19-20,59.31526874015427
668,360,2020-07-30,0,19-20,58.01163646015088
669,361,2020-07-31,0,19-20,56.73665543904866
670,362,2020-08-01,97,19-20,57.62156411071792
671,363,2020-08-02,88,19-20,58.28922204235049
672,364,2020-08-03,63,19-20,58.39275562383729
673,365,2020-08-04,105,19-20,59.41709066507163
674,366,2020-08-05,0,19-20,58.11122054056456
675,367,2020-08-06,108,19-20,59.20767723198072
676,368,2020-08-07,119,19-20,60.52179421589322
677,369,2020-08-08,129,19-20,62.02680972763183
678,370,2020-08-09,0,19-20,60.663583140211344
679,371,2020-08-10,0,19-20,59.33031757669021
680,372,2020-08-11,83,19-20,59.85053037720252
681,373,2020-08-12,231,19-20,63.612057182099164
682,374,2020-08-13,148,19-20,65.46673724403105
683,375,2020-08-14,0,19-20,64.02790785405234
684,376,2020-08-15,78,19-20,64.33498680231493
685,377,2020-08-16,120,19-20,65.55839368578053
686,378,2020-08-17,0,19-20,64.11754986851062
687,379,2020-08-18,106,19-20,65.0380432779939
688,380,2020-08-19,210,19-20,68.22402034880723
689,381,2020-08-20,0,19-20,66.72459133015212
690,382,2020-08-21,0,19-20,65.2581167954235
691,383,2020-08-22,60,19-20,65.14255378893067
692,384,2020-08-23,0,19-20,63.71084931005307
693,385,2020-08-24,0,19-20,62.31061086367828
694,386,2020-08-25,67,19-20,62.41367436117985
695,387,2020-08-26,0,19-20,61.04194525434073
696,388,2020-08-27,52,19-20,60.84322118281676
697,389,2020-08-28,91,19-20,61.506007530447164
698,390,2020-08-29,84,19-20,62.000380991316455
699,391,2020-08-30,0,19-20,60.63773525524356
700,392,2020-08-31,79,19-20,61.04130151337008
701,393,2020-09-01,32,19-20,60.40303115043886
702,394,2020-09-02,184,19-20,63.11944804823141
703,395,2020-09-03,130,19-20,64.58935028892962
704,396,2020-09-04,0,19-20,63.16980412873337
705,397,2020-09-05,122,19-20,64.4627754665634
706,398,2020-09-06,180,19-20,67.00205512663894
707,399,2020-09-07,0,19-20,65.52948248649302
708,400,2020-09-08,0,19-20,64.08927408019647
709,401,2020-09-09,147,19-20,65.91148783667568
710,402,2020-09-10,91,19-20,66.46288370839709
711,403,2020-09-11,236,19-20,70.1889741763444
712,404,2020-09-12,134,19-20,71.59141430433684
713,405,2020-09-13,0,19-20,70.01797662731845
714,406,2020-09-14,0,19-20,68.47911999814661
715,407,2020-09-15,130,19-20,69.8312272509346
716,408,2020-09-16,75,19-20,69.94482665201296
717,409,2020-09-17,132,19-20,71.30867661570498
718,410,2020-09-18,45,19-20,70.73046394283234
719,411,2020-09-19,69,19-20,70.6924317682646
720,412,2020-09-20,131,19-20,72.01787282830273
721,413,2020-09-21,0,19-20,70.4350624364719
722,414,2020-09-22,0,19-20,68.88703908621976
723,415,2020-09-23,202,19-20,71.8125986667424
724,416,2020-09-24,219,19-20,75.04748660813269
725,417,2020-09-25,0,19-20,73.39809129806383
726,418,2020-09-26,135,19-20,74.75197940140308
727,419,2020-09-27,129,19-20,75.94424359038322
728,420,2020-09-28,0,19-20,74.27513933564953
729,421,2020-09-29,144,19-20,75.80755385574514
730,422,2020-09-30,63,19-20,75.52606915561887
731,423,2020-10-01,63,19-20,75.25077093241846
732,424,2020-10-02,0,19-20,73.59690783500267
733,425,2020-10-03,126,19-20,74.74862414632129
734,426,2020-10-04,108,19-20,75.47942361563291
735,427,2020-10-05,0,19-20,73.8205351845201
736,428,2020-10-06,0,19-20,72.19810583980536
737,429,2020-10-07,61,19-20,71.9519936235459
738,430,2020-10-08,169,19-20,74.08491684061082
739,431,2020-10-09,120,19-20,75.09403954741057
740,432,2020-10-10,108,19-20,75.8172474694455
741,433,2020-10-11,108,19-20,76.52456071187528
742,0,2020-10-12,90,20-21,77.0
743,1,2020-10-13,0,20-21,75.3076923076923
744,2,2020-10-14,0,20-21,73.65257819103972
745,3,2020-10-15,0,20-21,72.03384020881907
746,4,2020-10-16,0,20-21,70.45067888554831
747,5,2020-10-17,0,20-21,68.90231231663516
748,6,2020-10-18,0,20-21,67.38797578220361
749,7,2020-10-19,0,20-21,65.90692136940793
750,8,2020-10-20,0,20-21,64.45841760304731
751,9,2020-10-21,0,20-21,63.04174908429901
752,10,2020-10-22,0,20-21,61.65621613739134
753,11,2020-10-23,0,20-21,60.30113446404208
754,12,2020-10-24,0,20-21,58.9758348054917
755,13,2020-10-25,0,20-21,57.67966261196441
756,14,2020-10-26,0,20-21,56.41197771939376
757,15,2020-10-27,0,20-21,55.172154033253236
758,16,2020-10-28,0,20-21,53.95957921933558
759,17,2020-10-29,0,20-21,52.7736544013282
760,18,2020-10-30,0,20-21,51.61379386503527
761,19,2020-10-31,0,20-21,50.479424769100426
762,20,2020-11-01,0,20-21,49.36998686208723
763,21,2020-11-02,60,20-21,49.60361352445894
764,22,2020-11-03,0,20-21,48.513424216229076
765,23,2020-11-04,45,20-21,48.43620610158668
766,24,2020-11-05,0,20-21,47.371674099354
767,25,2020-11-06,0,20-21,46.33053840486271
768,26,2020-11-07,80,20-21,47.070526571788804
769,27,2020-11-08,0,20-21,46.03600950427696
770,28,2020-11-09,0,20-21,45.02422907561153
771,29,2020-11-10,60,20-21,45.353366898125564
772,30,2020-11-11,60,20-21,45.675270922342584
773,31,2020-11-12,30,20-21,45.33075947349989
774,32,2020-11-13,60,20-21,45.6531603641922
775,33,2020-11-14,52,20-21,45.79265134519897
776,34,2020-11-15,0,20-21,44.78621944750229
777,35,2020-11-16,0,20-21,43.80190693217257
778,36,2020-11-17,36,20-21,43.630436450146796
779,37,2020-11-18,100,20-21,44.869327956736974
780,38,2020-11-19,64,20-21,45.28978228735814
781,39,2020-11-20,0,20-21,44.294402456866756
782,40,2020-11-21,50,20-21,44.41980020506749
783,41,2020-11-22,0,20-21,43.44354085990117
784,42,2020-11-23,0,20-21,42.48873776407916
785,43,2020-11-24,114,20-21,44.06041385717632
786,44,2020-11-25,48,20-21,44.14699816800761
787,45,2020-11-26,85,20-21,45.044866340139315
788,46,2020-11-27,0,20-21,44.054869277718666
789,47,2020-11-28,133,20-21,46.009707315571006
790,48,2020-11-29,140,20-21,48.07542803391011
791,49,2020-11-30,0,20-21,47.01882521997801
792,50,2020-12-01,0,20-21,45.98544444591256
793,51,2020-12-02,60,20-21,46.293456655892506
794,52,2020-12-03,90,20-21,47.25404002609267
795,53,2020-12-04,151,20-21,49.534171014530195
796,54,2020-12-05,50,20-21,49.54440901421085
797,55,2020-12-06,90,20-21,50.43354288203039
798,56,2020-12-07,0,20-21,49.32511336813961
799,57,2020-12-08,137,20-21,51.252033953455225
800,58,2020-12-09,67,20-21,51.59814309733533
801,59,2020-12-10,171,20-21,54.22235973255873
802,60,2020-12-11,109,20-21,55.42626391426073
803,61,2020-12-12,0,20-21,54.20810426779346
804,62,2020-12-13,155,20-21,56.42331076740239
805,63,2020-12-14,0,20-21,55.183238003283655
806,64,2020-12-15,0,20-21,53.97041958562907
807,65,2020-12-16,90,20-21,54.76227849583502
808,66,2020-12-17,152,20-21,56.89937127614634
809,67,2020-12-18,162,20-21,59.209275204143125
810,68,2020-12-19,172,20-21,61.68819223262349
811,69,2020-12-20,192,20-21,64.55218800773066
812,70,2020-12-21,0,20-21,63.13345860096735
813,71,2020-12-22,45,20-21,62.73492104929774
814,72,2020-12-23,70,20-21,62.894593114148336
815,73,2020-12-24,108,20-21,63.885920738013205
816,74,2020-12-25,0,20-21,62.481834567946976
817,75,2020-12-26,0,20-21,61.1086074345855
818,76,2020-12-27,198,20-21,64.11720946899021
819,77,2020-12-28,95,20-21,64.7959521180234
820,78,2020-12-29,126,20-21,66.14109602751738
821,79,2020-12-30,150,20-21,67.98414886207743
822,80,2020-12-31,0,20-21,66.48999174422957
823,81,2021-01-01,126,20-21,67.79790401358717
824,82,2021-01-02,157,20-21,69.75838963966217
825,83,2021-01-03,90,20-21,70.20326019703222
826,84,2021-01-04,0,20-21,68.66033140149305
827,85,2021-01-05,30,20-21,67.81065378827343
828,86,2021-01-06,79,20-21,68.05657348523445
829,87,2021-01-07,204,20-21,71.04434110094358
830,88,2021-01-08,153,20-21,72.84556437345032
831,89,2021-01-09,230,20-21,76.29950801359426
832,90,2021-01-10,173,20-21,78.42479355175702
833,91,2021-01-11,0,20-21,76.70117171545466
834,92,2021-01-12,0,20-21,75.01543167775236
835,93,2021-01-13,90,20-21,75.34476284966988
836,94,2021-01-14,0,20-21,73.68883399583098
837,95,2021-01-15,214,20-21,76.77259588603249
838,96,2021-01-16,197,20-21,79.4149564160098
839,97,2021-01-17,70,20-21,79.2080342969766
840,98,2021-01-18,0,20-21,77.46719837836173
841,99,2021-01-19,,20-21,77.46719837836173
842,100,2021-01-20,,20-21,77.46719837836173
843,101,2021-01-21,,20-21,77.46719837836173
844,102,2021-01-22,,20-21,77.46719837836173
845,103,2021-01-23,,20-21,77.46719837836173
846,104,2021-01-24,,20-21,77.46719837836173
847,105,2021-01-25,,20-21,77.46719837836173
848,106,2021-01-26,,20-21,77.46719837836173
849,107,2021-01-27,,20-21,77.46719837836173
850,108,2021-01-28,,20-21,77.46719837836173
851,109,2021-01-29,,20-21,77.46719837836173
852,110,2021-01-30,,20-21,77.46719837836173
853,111,2021-01-31,,20-21,77.46719837836173
854,112,2021-02-01,,20-21,77.46719837836173
855,113,2021-02-02,,20-21,77.46719837836173
856,114,2021-02-03,,20-21,77.46719837836173
857,115,2021-02-04,,20-21,77.46719837836173
858,116,2021-02-05,,20-21,77.46719837836173
859,117,2021-02-06,,20-21,77.46719837836173
860,118,2021-02-07,,20-21,77.46719837836173
861,119,2021-02-08,,20-21,77.46719837836173
862,120,2021-02-09,,20-21,77.46719837836173
863,121,2021-02-10,,20-21,77.46719837836173
864,122,2021-02-11,,20-21,77.46719837836173
865,123,2021-02-12,,20-21,77.46719837836173
866,124,2021-02-13,,20-21,77.46719837836173
867,125,2021-02-14,,20-21,77.46719837836173
868,126,2021-02-15,,20-21,77.46719837836173
869,127,2021-02-16,,20-21,77.46719837836173
870,128,2021-02-17,,20-21,77.46719837836173
871,129,2021-02-18,,20-21,77.46719837836173
872,130,2021-02-19,,20-21,77.46719837836173
873,131,2021-02-20,,20-21,77.46719837836173
874,132,2021-02-21,,20-21,77.46719837836173
875,133,2021-02-22,,20-21,77.46719837836173
876,134,2021-02-23,,20-21,77.46719837836173
877,135,2021-02-24,,20-21,77.46719837836173
878,136,2021-02-25,,20-21,77.46719837836173
879,137,2021-02-26,,20-21,77.46719837836173
880,138,2021-02-27,,20-21,77.46719837836173
881,139,2021-02-28,,20-21,77.46719837836173
882,140,2021-03-01,,20-21,77.46719837836173
883,141,2021-03-02,,20-21,77.46719837836173
884,142,2021-03-03,,20-21,77.46719837836173
885,143,2021-03-04,,20-21,77.46719837836173
886,144,2021-03-05,,20-21,77.46719837836173
887,145,2021-03-06,,20-21,77.46719837836173
888,146,2021-03-07,,20-21,77.46719837836173
889,147,2021-03-08,,20-21,77.46719837836173
890,148,2021-03-09,,20-21,77.46719837836173
891,149,2021-03-10,,20-21,77.46719837836173
892,150,2021-03-11,,20-21,77.46719837836173
893,151,2021-03-12,,20-21,77.46719837836173
894,152,2021-03-13,,20-21,77.46719837836173
895,153,2021-03-14,,20-21,77.46719837836173
896,154,2021-03-15,,20-21,77.46719837836173
897,155,2021-03-16,,20-21,77.46719837836173
898,156,2021-03-17,,20-21,77.46719837836173
899,157,2021-03-18,,20-21,77.46719837836173
900,158,2021-03-19,,20-21,77.46719837836173
901,159,2021-03-20,,20-21,77.46719837836173
902,160,2021-03-21,,20-21,77.46719837836173
903,161,2021-03-22,,20-21,77.46719837836173
904,162,2021-03-23,,20-21,77.46719837836173
905,163,2021-03-24,,20-21,77.46719837836173
906,164,2021-03-25,,20-21,77.46719837836173
907,165,2021-03-26,,20-21,77.46719837836173
908,166,2021-03-27,,20-21,77.46719837836173
909,167,2021-03-28,,20-21,77.46719837836173
910,168,2021-03-29,,20-21,77.46719837836173
911,169,2021-03-30,,20-21,77.46719837836173
912,170,2021-03-31,,20-21,77.46719837836173
913,171,2021-04-01,,20-21,77.46719837836173
914,172,2021-04-02,,20-21,77.46719837836173
915,173,2021-04-03,,20-21,77.46719837836173
916,174,2021-04-04,,20-21,77.46719837836173
917,175,2021-04-05,,20-21,77.46719837836173
918,176,2021-04-06,,20-21,77.46719837836173
919,177,2021-04-07,,20-21,77.46719837836173
920,178,2021-04-08,,20-21,77.46719837836173
921,179,2021-04-09,,20-21,77.46719837836173
922,180,2021-04-10,,20-21,77.46719837836173
923,181,2021-04-11,,20-21,77.46719837836173
924,182,2021-04-12,,20-21,77.46719837836173
925,183,2021-04-13,,20-21,77.46719837836173
926,184,2021-04-14,,20-21,77.46719837836173
927,185,2021-04-15,,20-21,77.46719837836173
928,186,2021-04-16,,20-21,77.46719837836173
929,187,2021-04-17,,20-21,77.46719837836173
930,188,2021-04-18,,20-21,77.46719837836173
931,189,2021-04-19,,20-21,77.46719837836173
932,190,2021-04-20,,20-21,77.46719837836173
933,191,2021-04-21,,20-21,77.46719837836173
934,192,2021-04-22,,20-21,77.46719837836173
935,193,2021-04-23,,20-21,77.46719837836173
936,194,2021-04-24,,20-21,77.46719837836173
937,195,2021-04-25,,20-21,77.46719837836173
938,196,2021-04-26,,20-21,77.46719837836173
939,197,2021-04-27,,20-21,77.46719837836173
940,198,2021-04-28,,20-21,77.46719837836173
941,199,2021-04-29,,20-21,77.46719837836173
942,200,2021-04-30,,20-21,77.46719837836173
943,201,2021-05-01,,20-21,77.46719837836173
944,202,2021-05-02,,20-21,77.46719837836173
945,203,2021-05-03,,20-21,77.46719837836173
946,204,2021-05-04,,20-21,77.46719837836173
947,205,2021-05-05,,20-21,77.46719837836173
948,206,2021-05-06,,20-21,77.46719837836173
949,207,2021-05-07,,20-21,77.46719837836173
950,208,2021-05-08,,20-21,77.46719837836173
951,209,2021-05-09,,20-21,77.46719837836173
952,210,2021-05-10,,20-21,77.46719837836173
953,211,2021-05-11,,20-21,77.46719837836173
954,212,2021-05-12,,20-21,77.46719837836173
955,213,2021-05-13,,20-21,77.46719837836173
956,214,2021-05-14,,20-21,77.46719837836173
957,215,2021-05-15,,20-21,77.46719837836173
958,216,2021-05-16,,20-21,77.46719837836173
959,217,2021-05-17,,20-21,77.46719837836173
960,218,2021-05-18,,20-21,77.46719837836173
961,219,2021-05-19,,20-21,77.46719837836173
962,220,2021-05-20,,20-21,77.46719837836173
963,221,2021-05-21,,20-21,77.46719837836173
964,222,2021-05-22,,20-21,77.46719837836173
965,223,2021-05-23,,20-21,77.46719837836173
966,224,2021-05-24,,20-21,77.46719837836173
967,225,2021-05-25,,20-21,77.46719837836173
968,226,2021-05-26,,20-21,77.46719837836173
969,227,2021-05-27,,20-21,77.46719837836173
970,228,2021-05-28,,20-21,77.46719837836173
971,229,2021-05-29,,20-21,77.46719837836173
972,230,2021-05-30,,20-21,77.46719837836173
973,231,2021-05-31,,20-21,77.46719837836173
974,232,2021-06-01,,20-21,77.46719837836173
975,233,2021-06-02,,20-21,77.46719837836173
976,234,2021-06-03,,20-21,77.46719837836173
977,235,2021-06-04,,20-21,77.46719837836173
978,236,2021-06-05,,20-21,77.46719837836173
979,237,2021-06-06,,20-21,77.46719837836173
980,238,2021-06-07,,20-21,77.46719837836173
981,239,2021-06-08,,20-21,77.46719837836173
982,240,2021-06-09,,20-21,77.46719837836173
983,241,2021-06-10,,20-21,77.46719837836173
984,242,2021-06-11,,20-21,77.46719837836173
985,243,2021-06-12,,20-21,77.46719837836173
986,244,2021-06-13,,20-21,77.46719837836173
987,245,2021-06-14,,20-21,77.46719837836173
988,246,2021-06-15,,20-21,77.46719837836173
989,247,2021-06-16,,20-21,77.46719837836173
990,248,2021-06-17,,20-21,77.46719837836173
991,249,2021-06-18,,20-21,77.46719837836173
992,250,2021-06-19,,20-21,77.46719837836173
993,251,2021-06-20,,20-21,77.46719837836173
994,252,2021-06-21,,20-21,77.46719837836173
995,253,2021-06-22,,20-21,77.46719837836173
996,254,2021-06-23,,20-21,77.46719837836173
997,255,2021-06-24,,20-21,77.46719837836173
998,256,2021-06-25,,20-21,77.46719837836173
999,257,2021-06-26,,20-21,77.46719837836173
1000,258,2021-06-27,,20-21,77.46719837836173
1001,259,2021-06-28,,20-21,77.46719837836173
1002,260,2021-06-29,,20-21,77.46719837836173
1003,261,2021-06-30,,20-21,77.46719837836173
1004,262,2021-07-01,,20-21,77.46719837836173
1005,263,2021-07-02,,20-21,77.46719837836173
1006,264,2021-07-03,,20-21,77.46719837836173
1007,265,2021-07-04,,20-21,77.46719837836173
1008,266,2021-07-05,,20-21,77.46719837836173
1009,267,2021-07-06,,20-21,77.46719837836173
1010,268,2021-07-07,,20-21,77.46719837836173
1011,269,2021-07-08,,20-21,77.46719837836173
1012,270,2021-07-09,,20-21,77.46719837836173
1013,271,2021-07-10,,20-21,77.46719837836173
1014,272,2021-07-11,,20-21,77.46719837836173
1015,273,2021-07-12,,20-21,77.46719837836173
1016,274,2021-07-13,,20-21,77.46719837836173
1017,275,2021-07-14,,20-21,77.46719837836173
1018,276,2021-07-15,,20-21,77.46719837836173
1019,277,2021-07-16,,20-21,77.46719837836173
1020,278,2021-07-17,,20-21,77.46719837836173
1021,279,2021-07-18,,20-21,77.46719837836173
1022,280,2021-07-19,,20-21,77.46719837836173
1023,281,2021-07-20,,20-21,77.46719837836173
1024,282,2021-07-21,,20-21,77.46719837836173
1025,283,2021-07-22,,20-21,77.46719837836173
1026,284,2021-07-23,,20-21,77.46719837836173
1027,285,2021-07-24,,20-21,77.46719837836173
1028,286,2021-07-25,,20-21,77.46719837836173
1029,287,2021-07-26,,20-21,77.46719837836173
1030,288,2021-07-27,,20-21,77.46719837836173
1031,289,2021-07-28,,20-21,77.46719837836173
1032,290,2021-07-29,,20-21,77.46719837836173
1033,291,2021-07-30,,20-21,77.46719837836173
1034,292,2021-07-31,,20-21,77.46719837836173
1035,293,2021-08-01,,20-21,77.46719837836173
1036,294,2021-08-02,,20-21,77.46719837836173
1037,295,2021-08-03,,20-21,77.46719837836173
1038,296,2021-08-04,,20-21,77.46719837836173
1039,297,2021-08-05,,20-21,77.46719837836173
1040,298,2021-08-06,,20-21,77.46719837836173
1041,299,2021-08-07,,20-21,77.46719837836173
1042,300,2021-08-08,,20-21,77.46719837836173
1043,301,2021-08-09,,20-21,77.46719837836173
1044,302,2021-08-10,,20-21,77.46719837836173
1045,303,2021-08-11,,20-21,77.46719837836173
1046,304,2021-08-12,,20-21,77.46719837836173
1047,305,2021-08-13,,20-21,77.46719837836173
1048,306,2021-08-14,,20-21,77.46719837836173
1049,307,2021-08-15,,20-21,77.46719837836173
1050,308,2021-08-16,,20-21,77.46719837836173
1051,309,2021-08-17,,20-21,77.46719837836173
1052,310,2021-08-18,,20-21,77.46719837836173
1053,311,2021-08-19,,20-21,77.46719837836173
1054,312,2021-08-20,,20-21,77.46719837836173
1055,313,2021-08-21,,20-21,77.46719837836173
1056,314,2021-08-22,,20-21,77.46719837836173
1057,315,2021-08-23,,20-21,77.46719837836173
1058,316,2021-08-24,,20-21,77.46719837836173
1059,317,2021-08-25,,20-21,77.46719837836173
1060,318,2021-08-26,,20-21,77.46719837836173
1061,319,2021-08-27,,20-21,77.46719837836173
1062,320,2021-08-28,,20-21,77.46719837836173
1063,321,2021-08-29,,20-21,77.46719837836173
1064,322,2021-08-30,,20-21,77.46719837836173
1065,323,2021-08-31,,20-21,77.46719837836173
1066,324,2021-09-01,,20-21,77.46719837836173
1067,325,2021-09-02,,20-21,77.46719837836173
1068,326,2021-09-03,,20-21,77.46719837836173
1069,327,2021-09-04,,20-21,77.46719837836173
1070,328,2021-09-05,,20-21,77.46719837836173
1071,329,2021-09-06,,20-21,77.46719837836173
1072,330,2021-09-07,,20-21,77.46719837836173
1073,331,2021-09-08,,20-21,77.46719837836173
1074,332,2021-09-09,,20-21,77.46719837836173
1075,333,2021-09-10,,20-21,77.46719837836173
1076,334,2021-09-11,,20-21,77.46719837836173
1077,335,2021-09-12,,20-21,77.46719837836173
1078,336,2021-09-13,,20-21,77.46719837836173
1079,337,2021-09-14,,20-21,77.46719837836173
1080,338,2021-09-15,,20-21,77.46719837836173
1081,339,2021-09-16,,20-21,77.46719837836173
1082,340,2021-09-17,,20-21,77.46719837836173
1083,341,2021-09-18,,20-21,77.46719837836173
1084,342,2021-09-19,,20-21,77.46719837836173
1085,343,2021-09-20,,20-21,77.46719837836173
1086,344,2021-09-21,,20-21,77.46719837836173
1087,345,2021-09-22,,20-21,77.46719837836173
1088,346,2021-09-23,,20-21,77.46719837836173
1089,347,2021-09-24,,20-21,77.46719837836173
1090,348,2021-09-25,,20-21,77.46719837836173
1091,349,2021-09-26,,20-21,77.46719837836173
1092,350,2021-09-27,,20-21,77.46719837836173
1093,351,2021-09-28,,20-21,77.46719837836173
1094,352,2021-09-29,,20-21,77.46719837836173
1095,353,2021-09-30,,20-21,77.46719837836173
1096,354,2021-10-01,,20-21,77.46719837836173
1097,355,2021-10-02,,20-21,77.46719837836173
1098,356,2021-10-03,,20-21,77.46719837836173
1099,357,2021-10-04,,20-21,77.46719837836173
1100,358,2021-10-05,,20-21,77.46719837836173
1101,359,2021-10-06,,20-21,77.46719837836173
1102,360,2021-10-07,,20-21,77.46719837836173
1103,361,2021-10-08,,20-21,77.46719837836173
1104,362,2021-10-09,,20-21,77.46719837836173
1105,363,2021-10-10,,20-21,77.46719837836173
1106,0,2022-09-26,0,22-23,84.0
1107,1,2022-09-27,87,22-23,84.06593406593406
1108,2,2022-09-28,0,22-23,82.21833111943
1109,3,2022-09-29,0,22-23,80.41133483109088
1110,4,2022-09-30,0,22-23,78.64405274689108
1111,5,2022-10-01,0,22-23,76.91561202717918
1112,6,2022-10-02,0,22-23,75.22515901559282
1113,7,2022-10-03,0,22-23,73.57185881744792
1114,8,2022-10-04,51,22-23,73.07577400827324
1115,9,2022-10-05,0,22-23,71.46971304105844
1116,10,2022-10-06,0,22-23,69.89895011707914
1117,11,2022-10-07,0,22-23,68.36270945516532
1118,12,2022-10-08,0,22-23,66.86023232428256
1119,13,2022-10-09,0,22-23,65.39077666880382
1120,14,2022-10-10,138,22-23,66.98658377498396
1121,15,2022-10-11,92,22-23,67.53632918652278
1122,16,2022-10-12,0,22-23,66.05201425934645
1123,17,2022-10-13,0,22-23,64.60032163826192
1124,18,2022-10-14,166,22-23,66.82888599786055
1125,19,2022-10-15,72,22-23,66.94253685505042
1126,20,2022-10-16,0,22-23,65.47127230878557
1127,21,2022-10-17,0,22-23,64.03234324705402
1128,22,2022-10-18,66,22-23,64.07558845041547
1129,23,2022-10-19,51,22-23,63.788212880076664
1130,24,2022-10-20,123,22-23,65.0895708387563
1131,25,2022-10-21,121,22-23,66.31837147966276
1132,26,2022-10-22,50,22-23,65.9597259526372
1133,27,2022-10-23,0,22-23,64.51006164598583
1134,28,2022-10-24,0,22-23,63.0922580933268
1135,29,2022-10-25,54,22-23,62.89242824512181
1136,30,2022-10-26,176,22-23,65.37830894303121
1137,31,2022-10-27,132,22-23,66.84252193329426
1138,32,2022-10-28,137,22-23,68.38444452816691
1139,33,2022-10-29,48,22-23,67.93643475831708
1140,34,2022-10-30,129,22-23,69.27849113725516
1141,35,2022-10-31,0,22-23,67.75588693643637
1142,36,2022-11-01,0,22-23,66.266746564207
1143,37,2022-11-02,173,22-23,68.61253235400464
1144,38,2022-11-03,97,22-23,69.23643274182871
1145,39,2022-11-04,116,22-23,70.26420345079951
1146,40,2022-11-05,74,22-23,70.34630886946326
1147,41,2022-11-06,132,22-23,71.70133504815638
1148,42,2022-11-07,0,22-23,70.12548153061448
1149,43,2022-11-08,0,22-23,68.58426215631526
1150,44,2022-11-09,80,22-23,68.8351574935391
1151,45,2022-11-10,0,22-23,67.3222968892855
1152,46,2022-11-11,40,22-23,66.72180684776274
1153,47,2022-11-12,66,22-23,66.70594296099871
1154,48,2022-11-13,97,22-23,67.37174641240533
1155,49,2022-11-14,0,22-23,65.89104868905576
1156,50,2022-11-15,207,22-23,68.99234432226334
1157,51,2022-11-16,74,22-23,69.10240268880699
1158,52,2022-11-17,135,22-23,70.55070153081122
1159,53,2022-11-18,86,22-23,70.89024655211207
1160,54,2022-11-19,151,22-23,72.65090047404367
1161,55,2022-11-20,21,22-23,71.51571584824052
1162,56,2022-11-21,0,22-23,69.94394187355391
1163,57,2022-11-22,80,22-23,70.1649541400692
1164,58,2022-11-23,130,22-23,71.4800100930347
1165,59,2022-11-24,242,22-23,75.22770217890206
1166,60,2022-11-25,0,22-23,73.57434608705806
1167,61,2022-11-26,0,22-23,71.9573274917381
1168,62,2022-11-27,88,22-23,72.3099137007109
1169,63,2022-11-28,105,22-23,73.0283771358601
1170,64,2022-11-29,111,22-23,73.86291829770933
1171,65,2022-11-30,78,22-23,73.95384317028713
1172,66,2022-12-01,119,22-23,74.94386859511597
1173,67,2022-12-02,93,22-23,75.34070664797056
1174,68,2022-12-03,146,22-23,76.89365815021297
1175,69,2022-12-04,133,22-23,78.126764564494
1176,70,2022-12-05,0,22-23,76.4096928158238
1177,71,2022-12-06,121,22-23,77.38969956712437
1178,72,2022-12-07,172,22-23,79.46904682938536
1179,73,2022-12-08,143,22-23,80.86533151445381
1180,74,2022-12-09,156,22-23,82.51664290974054
1181,75,2022-12-10,0,22-23,80.70309031831766
1182,76,2022-12-11,0,22-23,78.92939602560739
1183,77,2022-12-12,0,22-23,77.19468402504458
1184,78,2022-12-13,145,22-23,78.68491074976887
1185,79,2022-12-14,136,22-23,79.94458304098275
1186,80,2022-12-15,0,22-23,78.18755923788423
1187,81,2022-12-16,72,22-23,78.05156892496369
1188,82,2022-12-17,76,22-23,78.0064794980414
1189,83,2022-12-18,0,22-23,76.29205137720533
1190,84,2022-12-19,0,22-23,74.61530299528873
1191,85,2022-12-20,112,22-23,75.43694468769996
1192,86,2022-12-21,269,22-23,79.69107777148677
1193,87,2022-12-22,144,22-23,81.10446067760795
1194,88,2022-12-23,0,22-23,79.32194505831986
1195,89,2022-12-24,0,22-23,77.57860560648865
1196,90,2022-12-25,0,22-23,75.87358130744494
1197,91,2022-12-26,60,22-23,75.52471138859998
1198,92,2022-12-27,0,22-23,73.86482762181757
1199,93,2022-12-28,0,22-23,72.24142481694246
1200,94,2022-12-29,147,22-23,73.8844704253613
1201,95,2022-12-30,246,22-23,77.66722931711159
1202,96,2022-12-31,72,22-23,77.54267482662561
1203,97,2023-01-01,0,22-23,75.83844021505142
1204,98,2023-01-02,209,22-23,78.76506790263271
1205,99,2023-01-03,84,22-23,78.88012135532209
1206,100,2023-01-04,168,22-23,80.83880000685348
1207,101,2023-01-05,194,22-23,83.32585934736218
1208,102,2023-01-06,229,22-23,86.52748881225533
1209,103,2023-01-07,145,22-23,87.81259894824971
1210,104,2023-01-08,0,22-23,85.88265171861785
1211,105,2023-01-09,0,22-23,83.99512091161526
1212,106,2023-01-10,57,22-23,83.40182155092042
1213,107,2023-01-11,187,22-23,85.67870459375733
1214,108,2023-01-12,300,22-23,90.38906273455387
1215,109,2023-01-13,228,22-23,93.41347893819005
1216,110,2023-01-14,68,22-23,92.8549409395485
1217,111,2023-01-15,206,22-23,95.34164553428369
1218,112,2023-01-16,0,22-23,93.24622475331041
1219,113,2023-01-17,212,22-23,95.85619783565524
1220,114,2023-01-18,198,22-23,98.10111656454193
1221,115,2023-01-19,0,22-23,95.94504806861792
1222,116,2023-01-20,120,22-23,96.4737283308461
1223,117,2023-01-21,61,22-23,95.69408594994839
1224,118,2023-01-22,0,22-23,93.59091922577369
1225,119,2023-01-23,0,22-23,91.53397594608636
1226,120,2023-01-24,0,22-23,89.52224021100753
1227,121,2023-01-25,156,22-23,90.98328987669967
1228,122,2023-01-26,0,22-23,88.98365713215682
1229,123,2023-01-27,180,22-23,90.98401631606546
1230,124,2023-01-28,280,22-23,95.13821375966842
1231,125,2023-01-29,201,22-23,97.4648464242911
1232,126,2023-01-30,149,22-23,98.59748716221875
1233,127,2023-01-31,0,22-23,96.43050942238976
1234,128,2023-02-01,55,22-23,95.51994877574383
1235,129,2023-02-02,155,22-23,96.82720264880439
1236,130,2023-02-03,105,22-23,97.00682456861088
1237,131,2023-02-04,150,22-23,98.17150974292713
1238,132,2023-02-05,120,22-23,98.65125678154412
1239,133,2023-02-06,0,22-23,96.48309729183985
1240,134,2023-02-07,0,22-23,94.36258965905216
1241,135,2023-02-08,0,22-23,92.28868658962244
1242,136,2023-02-09,129,22-23,93.09552864259777
1243,137,2023-02-10,269,22-23,96.9615609801231
1244,138,2023-02-11,250,22-23,100.32504315638411
1245,139,2023-02-12,205,22-23,102.6255916584416
1246,140,2023-02-13,0,22-23,100.37008414946486
1247,141,2023-02-14,262,22-23,103.92238999233376
1248,142,2023-02-15,156,22-23,105.0669528496451
1249,143,2023-02-16,198,22-23,107.10943740240015
1250,144,2023-02-17,192,22-23,108.97516405289684
1251,145,2023-02-18,303,22-23,113.23944616162439
1252,146,2023-02-19,48,22-23,111.80561218005022
1253,147,2023-02-20,0,22-23,109.34834597829087
1254,148,2023-02-21,140,22-23,110.02200870404272
1255,149,2023-02-22,147,22-23,110.83471180944836
1256,150,2023-02-23,185,22-23,112.46471814330664
1257,151,2023-02-24,194,22-23,114.25670235993726
1258,152,2023-02-25,162,22-23,115.3060056047738
1259,153,2023-02-26,197,22-23,117.1014780090645
1260,154,2023-02-27,0,22-23,114.52781915172241
1261,155,2023-02-28,62,22-23,113.37336158794828
1262,156,2023-03-01,156,22-23,114.31021078381755
1263,157,2023-03-02,0,22-23,111.79789845889849
1264,158,2023-03-03,136,22-23,112.32981277848313
1265,159,2023-03-04,62,22-23,111.22366304708788
1266,160,2023-03-05,198,22-23,113.13083528781122
1267,161,2023-03-06,154,22-23,114.0290586880791
1268,162,2023-03-07,0,22-23,111.52292553009934
1269,163,2023-03-08,204,22-23,113.55538870526199
1270,164,2023-03-09,208,22-23,115.63109444800348
1271,165,2023-03-10,60,22-23,114.40843303156383
1272,166,2023-03-11,128,22-23,114.70714878911188
1273,167,2023-03-12,224,22-23,117.10918947506546
1274,168,2023-03-13,62,22-23,115.89799849759149
1275,169,2023-03-14,194,22-23,117.61452600313892
1276,170,2023-03-15,234,22-23,120.17244850856443
1277,171,2023-03-16,0,22-23,117.53129579409048
1278,172,2023-03-17,197,22-23,119.27786072169289
1279,173,2023-03-18,0,22-23,116.65636927726007
1280,174,2023-03-19,80,22-23,115.85073478764994
1281,175,2023-03-20,250,22-23,118.79907028682246
1282,176,2023-03-21,194,22-23,120.45183797282635
1283,177,2023-03-22,106,22-23,120.13421516023676
1284,178,2023-03-23,176,22-23,121.36203460726452
1285,179,2023-03-24,173,22-23,122.49693494556638
1286,180,2023-03-25,134,22-23,122.74974956214734
1287,181,2023-03-26,143,22-23,123.19481001133092
1288,182,2023-03-27,0,22-23,120.48723176932364
1289,183,2023-03-28,0,22-23,117.83916074142641
1290,184,2023-03-29,0,22-23,115.24928907677968
1291,185,2023-03-30,188,22-23,116.84820580036693
1292,186,2023-03-31,180,22-23,118.23615732123798
1293,187,2023-04-01,71,22-23,117.19800001747451
1294,188,2023-04-02,92,22-23,116.64419781928827
1295,189,2023-04-03,173,22-23,117.882786878205
1296,190,2023-04-04,159,22-23,118.78646189187081
1297,191,2023-04-05,50,22-23,117.2746715206209
1298,192,2023-04-06,122,22-23,117.37852489379407
1299,193,2023-04-07,102,22-23,117.0405353356887
1300,194,2023-04-08,123,22-23,117.17151258105818
1301,195,2023-04-09,99,22-23,116.77213867817778
1302,196,2023-04-10,150,22-23,117.50242134459145
1303,197,2023-04-11,0,22-23,114.91995054580921
1304,198,2023-04-12,200,22-23,116.78984174260461
1305,199,2023-04-13,182,22-23,118.22303203397593
1306,200,2023-04-14,237,22-23,120.83351484641601
1307,201,2023-04-15,160,22-23,121.69431671792334
1308,202,2023-04-16,0,22-23,119.01971635049645
1309,203,2023-04-17,156,22-23,119.83246983729873
1310,204,2023-04-18,140,22-23,120.275712258457
1311,205,2023-04-19,134,22-23,120.57734495607333
1312,206,2023-04-20,148,22-23,121.18004067132446
1313,207,2023-04-21,111,22-23,120.95630351371292
1314,208,2023-04-22,211,22-23,122.93528585407088
1315,209,2023-04-23,0,22-23,120.2334114396957
1316,210,2023-04-24,0,22-23,117.59091888058151
1317,211,2023-04-25,0,22-23,115.00650308100829
1318,212,2023-04-26,221,22-23,117.3360304858213
1319,213,2023-04-27,121,22-23,117.41655728833071
1320,214,2023-04-28,174,22-23,118.66014943583993
1321,215,2023-04-29,159,22-23,119.54673955812915
1322,216,2023-04-30,163,22-23,120.50175627113728
1323,217,2023-05-01,0,22-23,117.85336602341998
1324,218,2023-05-02,0,22-23,115.26318215477339
1325,219,2023-05-03,0,22-23,112.72992540411903
1326,220,2023-05-04,169,22-23,113.96663034029223
1327,221,2023-05-05,209,22-23,116.05527582731877
1328,222,2023-05-06,174,22-23,117.32878624869637
1329,223,2023-05-07,138,22-23,117.78309863883491
1330,224,2023-05-08,299,22-23,121.76588767973963
1331,225,2023-05-09,176,22-23,122.95784619227283
1332,226,2023-05-10,46,22-23,121.2664649572778
1333,227,2023-05-11,166,22-23,122.24961957360136
1334,228,2023-05-12,0,22-23,119.56281474780792
1335,229,2023-05-13,0,22-23,116.93506057752643
1336,230,2023-05-14,151,22-23,117.68374056483353
1337,231,2023-05-15,221,22-23,119.95442758538664
1338,232,2023-05-16,92,22-23,119.340044561532
1339,233,2023-05-17,128,22-23,119.53037325248734
1340,234,2023-05-18,0,22-23,116.90333208210299
1341,235,2023-05-19,0,22-23,114.33402808029852
1342,236,2023-05-20,63,22-23,113.20580768292932
1343,237,2023-05-21,160,22-23,114.23425147011768
1344,238,2023-05-22,0,22-23,111.72360858066455
1345,239,2023-05-23,249,22-23,114.74067212834224
1346,240,2023-05-24,154,22-23,115.6035144991479
1347,241,2023-05-25,0,22-23,113.06277791674904
1348,242,2023-05-26,78,22-23,112.29216741308421
1349,243,2023-05-27,148,22-23,113.07695494246698
1350,244,2023-05-28,141,22-23,113.69064824043474
1351,245,2023-05-29,168,22-23,114.88426036701858
1352,246,2023-05-30,316,22-23,119.3043865127984
1353,247,2023-05-31,0,22-23,116.68231208394569
1354,248,2023-06-01,192,22-23,118.33764588429852
1355,249,2023-06-02,252,22-23,121.27528004068756
1356,250,2023-06-03,126,22-23,121.37912003979334
1357,251,2023-06-04,255,22-23,124.31584267628139
1358,252,2023-06-05,0,22-23,121.58362635372575
1359,253,2023-06-06,97,22-23,121.04332687342408
1360,254,2023-06-07,201,22-23,122.80061639268949
1361,255,2023-06-08,249,22-23,125.57422921922378
1362,256,2023-06-09,0,22-23,122.8143560495705
1363,257,2023-06-10,174,22-23,123.93931525727226
1364,258,2023-06-11,287,22-23,127.52306657029924
1365,259,2023-06-12,0,22-23,124.72036181051243
1366,260,2023-06-13,102,22-23,124.22101319929237
1367,261,2023-06-14,223,22-23,126.39197994216507
1368,262,2023-06-15,0,22-23,123.61413422915044
1369,263,2023-06-16,80,22-23,122.65558182850975
1370,264,2023-06-17,138,22-23,122.99282178832273
1371,265,2023-06-18,144,22-23,123.4545180127552
1372,266,2023-06-19,58,22-23,122.01595717731003
1373,267,2023-06-20,37,22-23,120.14747460198453
1374,268,2023-06-21,261,22-23,123.243134500842
1375,269,2023-06-22,0,22-23,120.53449418214217
1376,270,2023-06-23,223,22-23,122.78648332099618
1377,271,2023-06-24,181,22-23,124.06590126998528
1378,272,2023-06-25,162,22-23,124.89961772558999
1379,273,2023-06-26,0,22-23,122.15457118217043
1380,274,2023-06-27,249,22-23,124.9423828045403
1381,275,2023-06-28,0,22-23,122.19639636927567
1382,276,2023-06-29,140,22-23,122.58768436115973
1383,277,2023-06-30,66,22-23,121.34399899058478
1384,278,2023-07-01,153,22-23,122.03973527650598
1385,279,2023-07-02,144,22-23,122.52237845724211
1386,280,2023-07-03,0,22-23,119.82957893070932
1387,281,2023-07-04,67,22-23,118.66848928388053
1388,282,2023-07-05,215,22-23,120.78566534357546
1389,283,2023-07-06,0,22-23,118.13103533602434
1390,284,2023-07-07,107,22-23,117.88639719677106
1391,285,2023-07-08,135,22-23,118.26252033530355
1392,286,2023-07-09,151,22-23,118.98202538287929
1393,287,2023-07-10,0,22-23,116.36703581402479
1394,288,2023-07-11,75,22-23,115.45787019173852
1395,289,2023-07-12,90,22-23,114.89835656115085
1396,290,2023-07-13,194,22-23,116.63685421914752
1397,291,2023-07-14,73,22-23,115.67780247806735
1398,292,2023-07-15,67,22-23,114.60796066536257
1399,293,2023-07-16,90,22-23,114.06712636502493
1400,294,2023-07-17,0,22-23,111.5601565548046
1401,295,2023-07-18,164,22-23,112.71268058656715
1402,296,2023-07-19,70,22-23,111.77394035389533
1403,297,2023-07-20,140,22-23,112.39429331315037
1404,298,2023-07-21,173,22-23,113.7262868667075
1405,299,2023-07-22,62,22-23,112.58944539710951
1406,300,2023-07-23,0,22-23,110.11495209167853
1407,301,2023-07-24,117,22-23,110.26627182592735
1408,302,2023-07-25,52,22-23,108.9856944231597
1409,303,2023-07-26,126,22-23,109.35963520506827
1410,304,2023-07-27,0,22-23,106.9561267390228
1411,305,2023-07-28,180,22-23,108.56148659091241
1412,306,2023-07-29,48,22-23,107.23046490759565
1413,307,2023-07-30,177,22-23,108.76386128325288
1414,308,2023-07-31,0,22-23,106.37344674955501
1415,309,2023-08-01,212,22-23,108.694909458356
1416,310,2023-08-02,80,22-23,108.06425210762289
1417,311,2023-08-03,100,22-23,107.88701579756525
1418,312,2023-08-04,247,22-23,110.94444402179458
1419,313,2023-08-05,148,22-23,111.7588518454914
1420,314,2023-08-06,0,22-23,109.3026133433927
1421,315,2023-08-07,145,22-23,110.08717129188955
1422,316,2023-08-08,211,22-23,112.30503565910077
1423,317,2023-08-09,0,22-23,109.8367931171425
1424,318,2023-08-10,102,22-23,109.66455590577674
1425,319,2023-08-11,132,22-23,110.15544478696846
1426,320,2023-08-12,149,22-23,111.00917127516695
1427,321,2023-08-13,165,22-23,112.19578289549294
1428,322,2023-08-14,0,22-23,109.72994151317441
1429,323,2023-08-15,100,22-23,109.51609664475299
1430,324,2023-08-16,149,22-23,110.38387474047269
1431,325,2023-08-17,65,22-23,109.38642694397879
1432,326,2023-08-18,266,22-23,112.82848349466056
1433,0,2023-09-25,0,23-24,108.0
1434,1,2023-09-26,0,23-24,105.62637362637362
1435,2,2023-09-27,0,23-24,103.30491486535442
1436,3,2023-09-28,0,23-24,101.03447717600596
1437,4,2023-09-29,0,23-24,98.81393921609374
1438,5,2023-09-30,0,23-24,96.64220428826751
1439,6,2023-10-01,0,23-24,94.51819979841547
1440,7,2023-10-02,0,23-24,92.44087672592282
1441,8,2023-10-03,50,23-24,91.50811020447397
1442,9,2023-10-04,100,23-24,91.69474514503499
1443,10,2023-10-05,0,23-24,89.67947602096828
1444,11,2023-10-06,50,23-24,88.80739962490304
1445,12,2023-10-07,100,23-24,89.05339084193814
1446,13,2023-10-08,0,23-24,87.09617346079663
1447,14,2023-10-09,0,23-24,85.18197184627363
1448,15,2023-10-10,90,23-24,85.28786257492695
1449,16,2023-10-11,130,23-24,86.27054691393954
1450,17,2023-10-12,0,23-24,84.374490937809
1451,18,2023-10-13,110,23-24,84.93768893917584
1452,19,2023-10-14,60,23-24,84.38960786358955
1453,20,2023-10-15,160,23-24,86.05137472373043
1454,21,2023-10-16,0,23-24,84.16013571881328
1455,22,2023-10-17,120,23-24,84.94782504367453
1456,23,2023-10-18,180,23-24,87.03688383392344
1457,24,2023-10-19,0,23-24,85.12398528812292
1458,25,2023-10-20,130,23-24,86.1102713257466
1459,26,2023-10-21,80,23-24,85.97597964825765
1460,27,2023-10-22,220,23-24,88.92156251313111
1461,28,2023-10-23,0,23-24,86.96724245789746
1462,29,2023-10-24,160,23-24,88.57235800827334
1463,30,2023-10-25,220,23-24,91.46087761248711
1464,31,2023-10-26,0,23-24,89.45074843419069
1465,32,2023-10-27,130,23-24,90.34194077629638
1466,33,2023-10-28,80,23-24,90.11464537461953
1467,34,2023-10-29,250,23-24,93.62860921253997
1468,35,2023-10-30,0,23-24,91.57083758149513
1469,36,2023-10-31,170,23-24,93.29455543684688
1470,37,2023-11-01,265,23-24,97.06830147120189
1471,38,2023-11-02,0,23-24,94.93493220809854
1472,39,2023-11-03,185,23-24,96.914384247481
1473,40,2023-11-04,100,23-24,96.98219997830559
1474,41,2023-11-05,280,23-24,101.00456920955162
1475,42,2023-11-06,0,23-24,98.78468856758344
1476,43,2023-11-07,160,23-24,100.13008002763655
1477,44,2023-11-08,240,23-24,103.20414420285333
1478,45,2023-11-09,0,23-24,100.93592125334007
1479,46,2023-11-10,130,23-24,101.57469221480513
1480,47,2023-11-11,80,23-24,101.10052315513907
1481,48,2023-11-12,100,23-24,101.0763358330481
1482,49,2023-11-13,0,23-24,98.85487790265144
1483,50,2023-11-14,170,23-24,100.41850695973602
1484,51,2023-11-15,265,23-24,104.03568263095062
1485,52,2023-11-16,0,23-24,101.74918411158906
1486,53,2023-11-17,185,23-24,103.57887237287282
1487,54,2023-11-18,100,23-24,103.50021583720529
1488,55,2023-11-19,280,23-24,107.37933197265133
1489,56,2023-11-20,0,23-24,105.01934665457108
1490,57,2023-11-21,190,23-24,106.88705332150359
1491,58,2023-11-22,290,23-24,110.91151368806395
1492,59,2023-11-23,0,23-24,108.47389800261199
1493,60,2023-11-24,205,23-24,110.59535079376337
1494,61,2023-11-25,110,23-24,110.58226616093341
1495,62,2023-11-26,305,23-24,114.85518338816564
1496,63,2023-11-27,0,23-24,112.33089364337079
1497,64,2023-11-28,205,23-24,114.36757729956044
1498,65,2023-11-29,320,23-24,118.8869712050646
1499,66,2023-11-30,0,23-24,116.27407073901922
1500,67,2023-12-01,225,23-24,118.66365160189793
1501,68,2023-12-02,125,23-24,118.80291200625182
1502,69,2023-12-03,335,23-24,123.55449635776276
1503,70,2023-12-04,0,23-24,120.8390129213284
1504,71,2023-12-05,180,23-24,122.13925439558491
1505,72,2023-12-06,275,23-24,125.49883122205557
1506,73,2023-12-07,0,23-24,122.74061515124116
1507,74,2023-12-08,130,23-24,122.9001620709941
1508,75,2023-12-09,100,23-24,122.39686180569753
1509,76,2023-12-10,100,23-24,121.90462308469318
1510,77,2023-12-11,0,23-24,119.22540059931531
1511,78,2023-12-12,190,23-24,120.78088630042926
1512,79,2023-12-13,290,23-24,124.49998770041982
1513,80,2023-12-14,0,23-24,121.76372423447653
1514,81,2023-12-15,205,23-24,123.5930929326199
1515,82,2023-12-16,110,23-24,123.29434363739749
1516,83,2023-12-17,305,23-24,127.28787454646567
1517,84,2023-12-18,0,23-24,124.49033884214774
1518,85,2023-12-19,205,23-24,126.25978194451811
1519,86,2023-12-20,320,23-24,130.51780871496825
1520,87,2023-12-21,0,23-24,127.6492854465074
1521,88,2023-12-22,185,23-24,128.90974071141932
1522,89,2023-12-23,100,23-24,128.27436179468484
1523,90,2023-12-24,0,23-24,125.45514505194451
1524,91,2023-12-25,0,23-24,122.69788911673693
1525,92,2023-12-26,0,23-24,120.00123221307238
1526,93,2023-12-27,160,23-24,120.88032601058727
1527,94,2023-12-28,240,23-24,123.49834082354138
1528,95,2023-12-29,80,23-24,122.54233333291408
1529,96,2023-12-30,200,23-24,124.2446996332896
1530,97,2023-12-31,100,23-24,123.71184909189863
1531,98,2024-01-01,0,23-24,120.99290735361514
1532,99,2024-01-02,205,23-24,122.83921708210711
1533,100,2024-01-03,320,23-24,127.17242110228058
1534,101,2024-01-04,0,23-24,124.37742283629639
1535,102,2024-01-05,225,23-24,126.58890804868548
1536,103,2024-01-06,125,23-24,126.5539869926704
1537,104,2024-01-07,335,23-24,131.13521804777653
1538,105,2024-01-08,0,23-24,128.2531253434298
1539,106,2024-01-09,220,23-24,130.2695401710467
1540,107,2024-01-10,335,23-24,134.769110716738
1541,108,2024-01-11,0,23-24,131.80715223944705
1542,109,2024-01-12,240,23-24,134.18501702539328
1543,110,2024-01-13,130,23-24,134.0930386292308
1544,111,2024-01-14,360,23-24,139.0580267912257
1545,112,2024-01-15,0,23-24,136.00180642218777
1546,113,2024-01-16,240,23-24,138.28748100631552
1547,114,2024-01-17,370,23-24,143.38006384134155
1548,115,2024-01-18,0,23-24,140.22885364702634
1549,116,2024-01-19,120,23-24,139.7842634569818
1550,117,2024-01-20,100,23-24,138.90988404034482
1551,118,2024-01-21,50,23-24,136.95582065484274
1552,119,2024-01-22,0,23-24,133.94580261847256
1553,120,2024-01-23,240,23-24,136.27666409938524
1554,121,2024-01-24,370,23-24,141.41344071258558
1555,122,2024-01-25,0,23-24,138.30545300461665
1556,123,2024-01-26,260,23-24,140.9800584330866
1557,124,2024-01-27,140,23-24,140.95851868730446
1558,125,2024-01-28,400,23-24,146.65173805681425
1559,126,2024-01-29,0,23-24,143.42862293468647
1560,127,2024-01-30,0,23-24,140.2763455075505
1561,128,2024-01-31,80,23-24,138.9515906612307
1562,129,2024-02-01,200,23-24,140.29331394340147
1563,130,2024-02-02,150,23-24,140.50664770288716
1564,131,2024-02-03,100,23-24,139.61639170941712
1565,132,2024-02-04,150,23-24,139.84460288063872
1566,133,2024-02-05,0,23-24,136.77109512502028
1567,134,2024-02-06,205,23-24,138.27063149589895
1568,135,2024-02-07,320,23-24,142.26468355093414
1569,136,2024-02-08,0,23-24,139.13798720915537
1570,137,2024-02-09,185,23-24,140.14594353422888
1571,138,2024-02-10,100,23-24,139.26361510490514
1572,139,2024-02-11,280,23-24,142.35672246523689
1573,140,2024-02-12,0,23-24,139.22800329017673
1574,141,2024-02-13,0,23-24,136.16804717390912
1575,142,2024-02-14,205,23-24,137.6808373459111
1576,143,2024-02-15,320,23-24,141.68785190973722
1577,144,2024-02-16,50,23-24,139.6727342853474
1578,145,2024-02-17,225,23-24,141.54805880654854
1579,146,2024-02-18,125,23-24,141.18436520640464
1580,147,2024-02-19,0,23-24,138.0814121249452
1581,148,2024-02-20,205,23-24,139.55215032000135
1582,149,2024-02-21,320,23-24,143.51803712615515
1583,150,2024-02-22,0,23-24,140.36379455195393
1584,151,2024-02-23,225,23-24,142.22393093542746
1585,152,2024-02-24,125,23-24,141.84538300278072
1586,153,2024-02-25,335,23-24,146.09053942030204
1587,154,2024-02-26,0,23-24,142.87975833414154
1588,155,2024-02-27,205,23-24,144.2450383707538
1589,156,2024-02-28,350,23-24,148.76712543952843
1590,157,2024-02-29,0,23-24,145.4975182870113
1591,158,2024-03-01,225,23-24,147.24482557740666
1592,159,2024-03-02,125,23-24,146.75592831196914
1593,160,2024-03-03,335,23-24,150.89316065676104
1594,161,2024-03-04,0,23-24,147.57682745551355
1595,162,2024-03-05,260,23-24,150.04766641253522
1596,163,2024-03-06,150,23-24,150.04661879907292
1597,164,2024-03-07,100,23-24,148.9466931111812
1598,165,2024-03-08,180,23-24,149.6291833724739
1599,166,2024-03-09,180,23-24,150.29667384780413
1600,167,2024-03-10,180,23-24,150.94949420279744
1601,168,2024-03-11,0,23-24,147.63192290163704
1602,169,2024-03-12,160,23-24,147.9037487719307
1603,170,2024-03-13,240,23-24,149.92784220551465
1604,171,2024-03-14,0,23-24,146.63272479440442
1605,172,2024-03-15,185,23-24,147.4759616121098
1606,173,2024-03-16,100,23-24,146.4325338843711
1607,174,2024-03-17,280,23-24,149.3680825902091
1608,175,2024-03-18,0,23-24,146.0852675882265
1609,176,2024-03-19,260,23-24,148.58888808079294
1610,177,2024-03-20,150,23-24,148.61990152956673
1611,178,2024-03-21,100,23-24,147.55133226518063
1612,179,2024-03-22,180,23-24,148.264489797814
1613,180,2024-03-23,180,23-24,148.96197353852136
1614,181,2024-03-24,180,23-24,149.64412796624617
1615,182,2024-03-25,0,23-24,146.35524603292208
1616,183,2024-03-26,160,23-24,146.65513073549522
1617,184,2024-03-27,240,23-24,148.7066663237261
1618,185,2024-03-28,0,23-24,145.43838794298486
1619,186,2024-03-29,185,23-24,146.30787392225992
1620,187,2024-03-30,100,23-24,145.290118451441
1621,188,2024-03-31,280,23-24,148.25077518877197
1622,189,2024-04-01,0,23-24,144.99251639341435
1623,190,2024-04-02,260,23-24,147.5201533957569
1624,191,2024-04-03,150,23-24,147.57465551892707
1625,192,2024-04-04,100,23-24,146.52905869433525
1626,193,2024-04-05,180,23-24,147.26468377797624
1627,194,2024-04-06,180,23-24,147.9841412773614
1628,195,2024-04-07,180,23-24,148.68778652401278
1629,196,2024-04-08,0,23-24,145.41992308392457
1630,197,2024-04-09,160,23-24,145.74036433482732
1631,198,2024-04-10,300,23-24,149.13068599779814
1632,199,2024-04-11,200,23-24,150.24869289894545
1633,200,2024-04-12,0,23-24,146.94652382424334
1634,201,2024-04-13,0,23-24,143.7169298940402
1635,202,2024-04-14,100,23-24,142.75611824801732
1636,203,2024-04-15,200,23-24,144.0142255392697
1637,204,2024-04-16,140,23-24,143.92600080214288
1638,205,2024-04-17,180,23-24,144.71883594934855
1639,206,2024-04-18,90,23-24,143.516224170242
1640,207,2024-04-19,100,23-24,142.55982363902788
1641,208,2024-04-20,50,23-24,140.5255418008075
1642,209,2024-04-21,50,23-24,138.535969453537
